{"cameraMode":{"drawMode":0,"name":"Shaded","section":"Shading Mode"},"sceneLighting":true,"audioPlay":false,"sceneViewState":{"showFog":false,"showMaterialUpdate":false,"showSkybox":false,"showFlares":false,"showImageEffects":false,"showParticleSystems":true},"in2DMode":false,"pivot":{"x":61.658931732177737,"y":-319.23663330078127,"z":428.7968444824219},"rotation":{"x":0.3135267496109009,"y":0.05692938715219498,"z":-0.018834136426448823,"w":0.9476842284202576},"size":553.364501953125,"orthographic":false}